{"cameraMode":{"drawMode":0,"name":"Shaded","section":"Shading Mode"},"sceneLighting":false,"audioPlay":false,"sceneViewState":{"showFog":true,"showMaterialUpdate":false,"showSkybox":true,"showFlares":true,"showImageEffects":true,"showParticleSystems":true},"in2DMode":false,"pivot":{"x":-9.168021202087403,"y":2.651904582977295,"z":25.744384765625},"rotation":{"x":0.6802465915679932,"y":0.04692671820521355,"z":-0.043718818575143817,"w":0.7301720976829529},"size":2.200551748275757,"orthographic":false}