{"cameraMode":{"drawMode":0,"name":"Shaded","section":"Shading Mode"},"sceneLighting":false,"audioPlay":false,"sceneViewState":{"showFog":true,"showMaterialUpdate":false,"showSkybox":true,"showFlares":true,"showImageEffects":true,"showParticleSystems":true},"in2DMode":false,"pivot":{"x":-11.873991966247559,"y":-4.926152229309082,"z":-1.5301017761230469},"rotation":{"x":0.08323299884796143,"y":-0.916624128818512,"z":0.2847720980644226,"w":0.2679131031036377},"size":16.23082160949707,"orthographic":false}