{"cameraMode":{"drawMode":0,"name":"Shaded","section":"Shading Mode"},"sceneLighting":false,"audioPlay":false,"sceneViewState":{"showFog":true,"showMaterialUpdate":false,"showSkybox":true,"showFlares":true,"showImageEffects":true,"showParticleSystems":true},"in2DMode":false,"pivot":{"x":5.420855522155762,"y":2.7314724922180177,"z":5.3433709144592289},"rotation":{"x":-0.09444208443164826,"y":0.5158635973930359,"z":-0.05734948441386223,"w":-0.8495154976844788},"size":2.2578935623168947,"orthographic":false}