{"cameraMode":{"drawMode":0,"name":"Shaded","section":"Shading Mode"},"sceneLighting":false,"audioPlay":false,"sceneViewState":{"showFog":true,"showMaterialUpdate":false,"showSkybox":true,"showFlares":true,"showImageEffects":true,"showParticleSystems":true},"in2DMode":false,"pivot":{"x":-5.833173751831055,"y":3.0,"z":-0.8720359802246094},"rotation":{"x":-0.034431133419275287,"y":-0.5361283421516419,"z":0.021893654018640519,"w":-0.8431498408317566},"size":4.041658401489258,"orthographic":false}