{"cameraMode":{"drawMode":0,"name":"Shaded","section":"Shading Mode"},"sceneLighting":false,"audioPlay":false,"sceneViewState":{"showFog":true,"showMaterialUpdate":false,"showSkybox":true,"showFlares":true,"showImageEffects":true,"showParticleSystems":true},"in2DMode":false,"pivot":{"x":-6.67650032043457,"y":2.847794532775879,"z":7.7459564208984379},"rotation":{"x":-0.06635463982820511,"y":0.869771420955658,"z":-0.12187685817480087,"w":-0.473540723323822},"size":2.600346326828003,"orthographic":false}