{"cameraMode":{"drawMode":0,"name":"Shaded","section":"Shading Mode"},"sceneLighting":false,"audioPlay":false,"sceneViewState":{"showFog":true,"showMaterialUpdate":false,"showSkybox":true,"showFlares":true,"showImageEffects":true,"showParticleSystems":true},"in2DMode":false,"pivot":{"x":-3.957864284515381,"y":1.2842745780944825,"z":0.06291282176971436},"rotation":{"x":-0.04196599870920181,"y":-0.8936128616333008,"z":-0.08550228923559189,"w":0.4386165142059326},"size":1.8616881370544434,"orthographic":false}