{"cameraMode":{"drawMode":0,"name":"Shaded","section":"Shading Mode"},"sceneLighting":false,"audioPlay":false,"sceneViewState":{"showFog":true,"showMaterialUpdate":false,"showSkybox":true,"showFlares":true,"showImageEffects":true,"showParticleSystems":true},"in2DMode":false,"pivot":{"x":-0.436300665140152,"y":0.9348039627075195,"z":1.1897295713424683},"rotation":{"x":-0.05596332997083664,"y":-0.8955705165863037,"z":0.1178257018327713,"w":-0.42536890506744387},"size":5.688277244567871,"orthographic":false}