{"cameraMode":{"drawMode":0,"name":"Shaded","section":"Shading Mode"},"sceneLighting":false,"audioPlay":false,"sceneViewState":{"showFog":true,"showMaterialUpdate":false,"showSkybox":true,"showFlares":true,"showImageEffects":true,"showParticleSystems":true},"in2DMode":false,"pivot":{"x":-11.583327293395996,"y":2.9049999713897707,"z":7.741600036621094},"rotation":{"x":-0.04571931064128876,"y":0.9422221779823303,"z":-0.2989330589771271,"w":-0.14410458505153657},"size":5.361331462860107,"orthographic":false}