{"cameraMode":{"drawMode":0,"name":"Shaded","section":"Shading Mode"},"sceneLighting":false,"audioPlay":false,"sceneViewState":{"showFog":true,"showMaterialUpdate":false,"showSkybox":true,"showFlares":true,"showImageEffects":true,"showParticleSystems":true},"in2DMode":false,"pivot":{"x":-4.55097770690918,"y":2.7253730297088625,"z":7.716054916381836},"rotation":{"x":0.008461804129183293,"y":0.9881382584571838,"z":-0.14148855209350587,"w":0.059095047414302829},"size":2.239907741546631,"orthographic":false}