{"cameraMode":{"drawMode":0,"name":"Shaded","section":"Shading Mode"},"sceneLighting":false,"audioPlay":false,"sceneViewState":{"showFog":true,"showMaterialUpdate":false,"showSkybox":true,"showFlares":true,"showImageEffects":true,"showParticleSystems":true},"in2DMode":false,"pivot":{"x":3.292442798614502,"y":3.4549832344055177,"z":6.1792426109313969},"rotation":{"x":-0.32169321179389956,"y":-0.5817289352416992,"z":0.26842403411865237,"w":-0.6971753835678101},"size":18.862091064453126,"orthographic":false}