{"cameraMode":{"drawMode":0,"name":"Shaded","section":"Shading Mode"},"sceneLighting":false,"audioPlay":false,"sceneViewState":{"showFog":true,"showMaterialUpdate":false,"showSkybox":true,"showFlares":true,"showImageEffects":true,"showParticleSystems":true},"in2DMode":false,"pivot":{"x":-5.704927444458008,"y":3.318233013153076,"z":6.978493690490723},"rotation":{"x":0.041454263031482699,"y":0.9396479725837708,"z":-0.12305544316768646,"w":0.3165450096130371},"size":3.581021785736084,"orthographic":false}