{"cameraMode":{"drawMode":0,"name":"Shaded","section":"Shading Mode"},"sceneLighting":false,"audioPlay":false,"sceneViewState":{"showFog":true,"showMaterialUpdate":false,"showSkybox":true,"showFlares":true,"showImageEffects":true,"showParticleSystems":true},"in2DMode":false,"pivot":{"x":-4.480000019073486,"y":1.3899999856948853,"z":-0.5012223720550537},"rotation":{"x":0.09985046088695526,"y":-0.4403008818626404,"z":0.04934624582529068,"w":0.8909152746200562},"size":1.7965658903121949,"orthographic":false}