{"cameraMode":{"drawMode":0,"name":"Shaded","section":"Shading Mode"},"sceneLighting":false,"audioPlay":false,"sceneViewState":{"showFog":true,"showMaterialUpdate":false,"showSkybox":true,"showFlares":true,"showImageEffects":true,"showParticleSystems":true},"in2DMode":false,"pivot":{"x":-5.2748918533325199,"y":2.671443223953247,"z":7.579767227172852},"rotation":{"x":0.30379876494407656,"y":0.2213551104068756,"z":-0.07279467582702637,"w":0.9238015413284302},"size":8.960883140563965,"orthographic":false}