{"cameraMode":{"drawMode":0,"name":"Shaded","section":"Shading Mode"},"sceneLighting":false,"audioPlay":false,"sceneViewState":{"showFog":true,"showMaterialUpdate":false,"showSkybox":true,"showFlares":true,"showImageEffects":true,"showParticleSystems":true},"in2DMode":false,"pivot":{"x":-5.378593444824219,"y":2.817781448364258,"z":7.613174915313721},"rotation":{"x":-0.010504094883799553,"y":0.9881617426872253,"z":-0.13091795146465302,"w":-0.0792882964015007},"size":3.3707497119903566,"orthographic":false}