{"cameraMode":{"drawMode":0,"name":"Shaded","section":"Shading Mode"},"sceneLighting":false,"audioPlay":false,"sceneViewState":{"showFog":true,"showMaterialUpdate":false,"showSkybox":true,"showFlares":true,"showImageEffects":true,"showParticleSystems":true},"in2DMode":false,"pivot":{"x":1.4621003866195679,"y":1.0562829971313477,"z":-2.5152711868286135},"rotation":{"x":-0.014143797568976879,"y":0.9667831063270569,"z":-0.24924087524414063,"w":-0.05485804006457329},"size":3.4578824043273927,"orthographic":false}