{"cameraMode":{"drawMode":0,"name":"Shaded","section":"Shading Mode"},"sceneLighting":false,"audioPlay":false,"sceneViewState":{"showFog":true,"showMaterialUpdate":false,"showSkybox":true,"showFlares":true,"showImageEffects":true,"showParticleSystems":true},"in2DMode":false,"pivot":{"x":-1.4063125848770142,"y":2.698946714401245,"z":11.898462295532227},"rotation":{"x":0.010134974494576455,"y":-0.9892817735671997,"z":0.08451345562934876,"w":0.11864405870437622},"size":2.5444259643554689,"orthographic":false}