{"cameraMode":{"drawMode":0,"name":"Shaded","section":"Shading Mode"},"sceneLighting":false,"audioPlay":false,"sceneViewState":{"showFog":true,"showMaterialUpdate":false,"showSkybox":true,"showFlares":true,"showImageEffects":true,"showParticleSystems":true},"in2DMode":false,"pivot":{"x":-15.778228759765625,"y":3.1363251209259035,"z":8.953926086425782},"rotation":{"x":0.04706522077322006,"y":-0.9370929598808289,"z":0.3166005611419678,"w":0.13930490612983704},"size":1.4003617763519288,"orthographic":false}