{"cameraMode":{"drawMode":0,"name":"Shaded","section":"Shading Mode"},"sceneLighting":false,"audioPlay":false,"sceneViewState":{"showFog":true,"showMaterialUpdate":false,"showSkybox":true,"showFlares":true,"showImageEffects":true,"showParticleSystems":true},"in2DMode":false,"pivot":{"x":-1.2614479064941407,"y":2.930000066757202,"z":12.01900577545166},"rotation":{"x":0.06916002929210663,"y":-0.7566948533058167,"z":0.08113488554954529,"w":0.6450170874595642},"size":4.041658401489258,"orthographic":false}