{"cameraMode":{"drawMode":0,"name":"Shaded","section":"Shading Mode"},"sceneLighting":false,"audioPlay":false,"sceneViewState":{"showFog":true,"showMaterialUpdate":false,"showSkybox":true,"showFlares":true,"showImageEffects":true,"showParticleSystems":true},"in2DMode":false,"pivot":{"x":-7.514336109161377,"y":3.086545467376709,"z":15.408740043640137},"rotation":{"x":-0.004664050880819559,"y":0.9892538785934448,"z":-0.03237835317850113,"w":-0.14250171184539796},"size":2.005964517593384,"orthographic":false}