{"cameraMode":{"drawMode":0,"name":"Shaded","section":"Shading Mode"},"sceneLighting":false,"audioPlay":false,"sceneViewState":{"showFog":true,"showMaterialUpdate":false,"showSkybox":true,"showFlares":true,"showImageEffects":true,"showParticleSystems":true},"in2DMode":false,"pivot":{"x":-6.301307201385498,"y":2.8333446979522707,"z":8.01123046875},"rotation":{"x":0.005089892540127039,"y":-0.9948720335960388,"z":0.06697775423526764,"w":0.07561631500720978},"size":3.507267475128174,"orthographic":false}