{"cameraMode":{"drawMode":0,"name":"Shaded","section":"Shading Mode"},"sceneLighting":false,"audioPlay":false,"sceneViewState":{"showFog":true,"showMaterialUpdate":false,"showSkybox":true,"showFlares":true,"showImageEffects":true,"showParticleSystems":true},"in2DMode":false,"pivot":{"x":-6.030233860015869,"y":2.4132912158966066,"z":7.719419479370117},"rotation":{"x":0.01630043238401413,"y":0.9834184646606445,"z":-0.11530718952417374,"w":0.13902080059051515},"size":3.706439733505249,"orthographic":false}