{"cameraMode":{"drawMode":0,"name":"Shaded","section":"Shading Mode"},"sceneLighting":false,"audioPlay":false,"sceneViewState":{"showFog":true,"showMaterialUpdate":false,"showSkybox":true,"showFlares":true,"showImageEffects":true,"showParticleSystems":true},"in2DMode":false,"pivot":{"x":-5.26651668548584,"y":2.6960010528564455,"z":7.579766273498535},"rotation":{"x":0.026055308058857919,"y":-0.9196168184280396,"z":0.06191157549619675,"w":0.38703101873397829},"size":5.241240501403809,"orthographic":false}