{"cameraMode":{"drawMode":0,"name":"Shaded","section":"Shading Mode"},"sceneLighting":false,"audioPlay":false,"sceneViewState":{"showFog":true,"showMaterialUpdate":false,"showSkybox":true,"showFlares":true,"showImageEffects":true,"showParticleSystems":true},"in2DMode":false,"pivot":{"x":-7.50349760055542,"y":2.7300000190734865,"z":7.901268005371094},"rotation":{"x":-0.04571931064128876,"y":0.9422221779823303,"z":-0.2989330589771271,"w":-0.14410458505153657},"size":17.152801513671876,"orthographic":false}