{"cameraMode":{"drawMode":0,"name":"Shaded","section":"Shading Mode"},"sceneLighting":true,"audioPlay":false,"sceneViewState":{"showFog":true,"showMaterialUpdate":false,"showSkybox":true,"showFlares":true,"showImageEffects":true,"showParticleSystems":true},"in2DMode":false,"pivot":{"x":-18.89510726928711,"y":5.148141860961914,"z":11.816475868225098},"rotation":{"x":-0.1627911925315857,"y":0.8023289442062378,"z":-0.25347569584846499,"w":-0.5152838230133057},"size":48.5133171081543,"orthographic":false}