{"cameraMode":{"drawMode":0,"name":"Shaded","section":"Shading Mode"},"sceneLighting":false,"audioPlay":false,"sceneViewState":{"showFog":true,"showMaterialUpdate":false,"showSkybox":true,"showFlares":true,"showImageEffects":true,"showParticleSystems":true},"in2DMode":false,"pivot":{"x":-13.687018394470215,"y":7.268357276916504,"z":6.979286193847656},"rotation":{"x":-0.3960045576095581,"y":-0.4160630702972412,"z":0.20811766386032105,"w":-0.791681170463562},"size":2.041851758956909,"orthographic":false}