{"cameraMode":{"drawMode":0,"name":"Shaded","section":"Shading Mode"},"sceneLighting":false,"audioPlay":false,"sceneViewState":{"showFog":true,"showMaterialUpdate":false,"showSkybox":true,"showFlares":true,"showImageEffects":true,"showParticleSystems":true},"in2DMode":false,"pivot":{"x":-7.741775035858154,"y":1.3541197776794434,"z":6.206617832183838},"rotation":{"x":-0.018878012895584108,"y":0.9710633754730225,"z":-0.2234996259212494,"w":-0.08202145248651505},"size":3.3213517665863039,"orthographic":false}