{"cameraMode":{"drawMode":0,"name":"Shaded","section":"Shading Mode"},"sceneLighting":false,"audioPlay":false,"sceneViewState":{"showFog":true,"showMaterialUpdate":false,"showSkybox":true,"showFlares":true,"showImageEffects":true,"showParticleSystems":true},"in2DMode":false,"pivot":{"x":-8.935105323791504,"y":2.746203660964966,"z":16.268098831176759},"rotation":{"x":0.007745141629129648,"y":0.9900965690612793,"z":-0.06068787723779678,"w":0.12635637819766999},"size":1.8940351009368897,"orthographic":false}